<?xml version="1.0" encoding="UTF-8"?><?xml-stylesheet type='text/xsl' href='_UpgradeReport_Files/UpgradeReport.xslt'?><UpgradeLog>
<Properties><Property Name="Solution" Value="MvcInstaller">
</Property><Property Name="Solution File" Value="C:\VSProjects\MvcInstaller\MvcInstaller.sln">
</Property><Property Name="Date" Value="Thursday, December 02, 2010">
</Property><Property Name="Time" Value="16:48 PM">
</Property></Properties><Event ErrorLevel="0" Project="MvcInstaller" Source="MvcInstaller\MvcInstaller.csproj" Description="Project converted successfully">
</Event><Event ErrorLevel="3" Project="MvcInstaller" Source="MvcInstaller\MvcInstaller.csproj" Description="Converted">
</Event><Event ErrorLevel="0" Project="MvcInstaller.UnitTests" Source="MvcInstaller.UnitTests\MvcInstaller.UnitTests.csproj" Description="Project converted successfully">
</Event><Event ErrorLevel="3" Project="MvcInstaller.UnitTests" Source="MvcInstaller.UnitTests\MvcInstaller.UnitTests.csproj" Description="Converted">
</Event><Event ErrorLevel="0" Project="WebSiteApp" Source="WebSiteApp\WebSiteApp.csproj" Description="Project converted successfully">
</Event><Event ErrorLevel="3" Project="WebSiteApp" Source="WebSiteApp\WebSiteApp.csproj" Description="Converted">
</Event><Event ErrorLevel="0" Project="" Source="MvcInstaller.sln" Description="Solution converted successfully">
</Event><Event ErrorLevel="3" Project="" Source="MvcInstaller.sln" Description="Converted">
</Event><Event ErrorLevel="0" Project="MvcInstaller" Source="MvcInstaller\MvcInstaller.csproj" Description="Scan complete: Upgrade not required for project files.">
</Event><Event ErrorLevel="0" Project="MvcInstaller.UnitTests" Source="MvcInstaller.UnitTests\MvcInstaller.UnitTests.csproj" Description="Scan complete: Upgrade not required for project files.">
</Event><Event ErrorLevel="0" Project="WebSiteApp" Source="WebSiteApp\WebSiteApp.csproj" Description="Scan complete: Upgrade not required for project files.">
</Event></UpgradeLog>